-- =====================
-- SEED FILE - bousalaty
-- =====================

SET FOREIGN_KEY_CHECKS = 0;

TRUNCATE TABLE skills;
TRUNCATE TABLE jobopportuneties;
TRUNCATE TABLE responses;
TRUNCATE TABLE submissions;
TRUNCATE TABLE options;
TRUNCATE TABLE questions;
TRUNCATE TABLE experts;
TRUNCATE TABLE majors;
TRUNCATE TABLE faculties;

SET FOREIGN_KEY_CHECKS = 1;

-- =====================
-- FACULTIES
-- =====================
INSERT INTO faculties (facultyID, facultyName, createdAt, updatedAt) VALUES
(1, 'كلية الهندسة', NOW(), NOW()),
(2, 'كلية الطب البشري و علوم الصحة', NOW(), NOW()),
(3, 'كلية لمعلومات و الذكاء الاصطناعي', NOW(), NOW()),
(4, 'كلية القانون و العلوم السياسية', NOW(), NOW()),
(5, 'كلية الفنون الجميلة', NOW(), NOW());

-- =====================
-- MAJORS
-- =====================
INSERT INTO majors (majorID, majorName, acceptanceGrade, creditHours, acceptedBranches, facultyID, createdAt, updatedAt) VALUES
(1, 'علم حاسوب في سوق اعمل', 80, 130, '["العلمي","الصناعي"]', 3, NOW(), NOW()),
(2, 'علم حاسوب', 70, 127, '["العلمي","الصناعي"]', 3, NOW(), NOW()),
(3, 'الطب البشري', 90, 266, '["العلمي"]', 2, NOW(), NOW()),
(4, 'القانون', 70, 124, '["الصناعي","التجاري","الشرعي"]', 4, NOW(), NOW()),
(5, 'الموسيقى', 66, 120, '["الصناعي","الشرعي","التجاري"]', 5, NOW(), NOW());

-- =====================
-- EXPERTS
-- =====================
INSERT INTO experts (expertID, firstName, lastName, email, facultyID, createdAt, updatedAt) VALUES
(1, 'سهاد', 'دراغمة', 'suhad@najah.edu', 3, NOW(), NOW()),
(2, 'احمد', 'عواد', 'ahmad@najah.edu', 3, NOW(), NOW()),
(3, 'محمد', 'جبر', 'mohammad@najah.edu', 2, NOW(), NOW()),
(4, 'فرحات', 'محمد', 'farhat', 1, NOW(), NOW()),
(5, 'اسعد', 'سامي', 'assad@najah.edu', 4, NOW(), NOW()),
(6, 'ياسين', 'احمد', 'yassen@najah.edu', 5, NOW(), NOW());

-- =====================
-- QUESTIONS
-- =====================
INSERT INTO questions (questionID, questionText, createdAt, updatedAt) VALUES
(1, 'من هذه الأنشطة تجذبك أكثر؟', NOW(), NOW()),
(2, 'ما ردة فعلك الطبيعية؟', NOW(), NOW()),
(3, 'ملانك، أي طريقة تختار تلقائياً؟', NOW(), NOW()),
(8, 'نف يشعرك بالرضا والفخر أكثر؟', NOW(), NOW()),
(9, 'ستثمرها بحرية تامة، ماذا تفعل؟', NOW(), NOW()),
(10, 'ب تبدو غرفتك أو ملفاتك عادةً؟', NOW(), NOW()),
(11, 'هذه الجمل تتمنى أن تصفك؟', NOW(), NOW()),
(12, 'ر أنك تتحمله أكثر في الدراسة؟', NOW(), NOW()),
(13, 'شو كان فرعك بالتوجيهي؟', NOW(), NOW()),
(14, 'معدلك ضمن أي range؟', NOW(), NOW());

-- =====================
-- OPTIONS
-- =====================
INSERT INTO options (optionID, questionID, optionText, createdAt, updatedAt) VALUES
('1A', 1, 'تفكيك جهاز أو إصلاح شيء بيدك', NOW(), NOW()),
('1B', 1, 'رسم أو كتابة قصة أو تأليف موسيقى', NOW(), NOW()),
('1C', 1, 'حل مسائل رياضية أو منطقية معقدة', NOW(), NOW()),
('1D', 1, 'التطوع في مبادرة اجتماعية أو مساعدة محتاج', NOW(), NOW()),
('1E', 1, 'تنظيم مشروع أو إدارة فريق صغير', NOW(), NOW()),

('2A', 2, 'أبحث في غوغل وأقرأ كل شيء عنها', NOW(), NOW()),
('2B', 2, 'أقول "مش عارف" وأكمل يومي', NOW(), NOW()),
('2C', 2, 'أحاول أفسرها بمنطقي حتى لو ما أعرف الجواب', NOW(), NOW()),
('2D', 2, 'أحوّل السؤال لنقاش فلسفي أو اجتماعي ممتع', NOW(), NOW()),

('3A', 3, 'تصميم عرض بصري جذاب ومبتكر', NOW(), NOW()),
('3B', 3, 'جمع بيانات وإحصاءات وتقديمها بدقة', NOW(), NOW()),
('3C', 3, 'كتابة تقرير منظم ومفصل', NOW(), NOW()),
('3D', 3, 'إقناع الجمهور بالكلام والحماس', NOW(), NOW()),
('3E', 3, 'بناء نموذج أو تجربة عملية', NOW(), NOW()),

('8A', 8, 'شرحت درساً صعباً لزميل وفهمه', NOW(), NOW()),
('8B', 8, 'صممت شيئاً جميلاً أعجب الناس', NOW(), NOW()),
('8C', 8, 'حللت مشكلة معقدة لوحدك', NOW(), NOW()),
('8D', 8, 'نظّمت فعالية ونجحت بشكل مثالي', NOW(), NOW()),
('8E', 8, 'اخترعت فكرة جديدة لم يفكر فيها أحد', NOW(), NOW()),

('9A', 9, 'أبدأ مشروعاً صغيراً أو فكرة تجارية', NOW(), NOW()),
('9B', 9, 'أشترك في دورات تعليمية وأطور نفسي', NOW(), NOW()),
('9C', 9, 'أتبرع لمشروع خيري أو اجتماعي', NOW(), NOW()),
('9D', 9, 'أشتري أدوات أو برامج لأطور مهارة تقنية', NOW(), NOW()),

('10A', 10, 'منظمة تماماً، كل شيء في مكانه', NOW(), NOW()),
('10B', 10, 'فوضى منظمة، أنا فقط أعرف أين كل شيء', NOW(), NOW()),
('10C', 10, 'متغيرة حسب مزاجي', NOW(), NOW()),
('10D', 10, 'مش مهم النظام، المهم الإنجاز', NOW(), NOW()),

('11A', 11, 'غيّر حياة الناس وأثّر فيهم', NOW(), NOW()),
('11B', 11, 'اكتشف شيئاً جديداً لم يعرفه أحد', NOW(), NOW()),
('11C', 11, 'بنى شيئاً باقياً وملموساً', NOW(), NOW()),
('11D', 11, 'نجح وحقق ثروة وقيادة', NOW(), NOW()),

('12A', 12, 'حفظ وفهم كميات كبيرة من المعلومات', NOW(), NOW()),
('12B', 12, 'تطبيق عملي ومشاريع ميدانية', NOW(), NOW()),
('12C', 12, 'تحليل وكتابة مقالات وأبحاث', NOW(), NOW()),
('12D', 12, 'حل مسائل وأرقام وخوارزميات', NOW(), NOW()),

('13A', 13, 'العلمي', NOW(), NOW()),
('13B', 13, 'الادبي', NOW(), NOW()),
('13C', 13, 'الصناعي', NOW(), NOW()),
('13D', 13, 'التجاري', NOW(), NOW()),
('13E', 13, 'الشرعي', NOW(), NOW()),

('14A', 14, '90-100', NOW(), NOW()),
('14B', 14, '80-89', NOW(), NOW()),
('14C', 14, '70-79', NOW(), NOW()),
('14D', 14, '60-69', NOW(), NOW()),
('14E', 14, 'أقل من 60', NOW(), NOW());

-- =====================
-- SKILLS
-- =====================
INSERT INTO skills (skillID, majorID, skill, createdAt, updatedAt) VALUES
(1, 3, 'الحفظ', NOW(), NOW()),
(2, 3, 'سرعة البديهة', NOW(), NOW()),
(3, 4, 'التحليل', NOW(), NOW()),
(4, 5, 'الابداع', NOW(), NOW()),
(5, 2, 'البرمجة', NOW(), NOW()),
(6, 1, 'حل المشاكل', NOW(), NOW()),
(7, 1, 'الرياضيات', NOW(), NOW());

-- =====================
-- JOB OPPORTUNITIES
-- =====================
INSERT INTO jobopportuneties (oppoID, majorID, opportunity, createdAt, updatedAt) VALUES
(1, 3, 'طبيب عام', NOW(), NOW()),
(2, 4, 'محامي', NOW(), NOW()),
(3, 5, 'ملحن', NOW(), NOW()),
(4, 2, 'مهندس برمجيات', NOW(), NOW()),
(5, 1, 'مطور ذكاء اصطناعي', NOW(), NOW());